id,list_id,movie_id,added_at
1,1,120,2025-12-16 20:39:11
2,1,122,2025-12-16 20:39:11
3,1,121,2025-12-16 20:39:11
4,1,278,2025-12-16 20:39:11
5,1,550,2025-12-16 20:39:11
6,1,155,2025-12-16 20:39:11
7,1,769,2025-12-16 20:39:11
8,1,8587,2025-12-16 20:39:11
9,1,150540,2025-12-16 20:39:11
10,1,333355,2025-12-16 20:39:11
11,1,207,2025-12-16 20:39:11
12,1,11,2025-12-16 20:39:11
13,1,13,2025-12-16 20:39:11
14,1,105,2025-12-16 20:39:11
15,1,862,2025-12-16 20:39:11
16,1,1891,2025-12-16 20:39:11
17,1,673,2025-12-16 20:39:11
18,1,168259,2025-12-16 20:39:11
19,1,211672,2025-12-16 20:39:11
20,1,58,2025-12-16 20:39:11
21,1,1865,2025-12-16 20:39:11
22,1,12,2025-12-16 20:39:11
23,1,559,2025-12-16 20:39:11
24,2,7345,2025-12-16 20:39:11
25,2,72976,2025-12-16 20:39:11
26,2,3131,2025-12-16 20:39:11
27,2,1124,2025-12-16 20:39:11
28,2,1359,2025-12-16 20:39:11
29,2,5176,2025-12-16 20:39:11
30,2,168672,2025-12-16 20:39:11
31,2,318846,2025-12-16 20:39:11
32,2,98,2025-12-16 20:39:11
33,2,453,2025-12-16 20:39:11
34,2,2118,2025-12-16 20:39:11
35,2,11983,2025-12-16 20:39:11
36,2,12113,2025-12-16 20:39:11
37,2,16995,2025-12-16 20:39:11
38,2,20662,2025-12-16 20:39:11
39,2,86834,2025-12-16 20:39:11
40,2,39254,2025-12-16 20:39:11
41,2,146233,2025-12-16 20:39:11
42,2,273481,2025-12-16 20:39:11
43,2,629,2025-12-16 20:39:11
44,2,1900,2025-12-16 20:39:11
45,2,14,2025-12-16 20:39:11
46,2,807,2025-12-16 20:39:11
47,2,161,2025-12-16 20:39:11
48,2,787,2025-12-16 20:39:11
49,2,4922,2025-12-16 20:39:11
50,2,2567,2025-12-16 20:39:11
51,2,597,2025-12-16 20:39:11
52,2,640,2025-12-16 20:39:11
53,2,13,2025-12-16 20:39:11
54,2,497,2025-12-16 20:39:11
55,2,591,2025-12-16 20:39:11
56,2,594,2025-12-16 20:39:11
57,2,857,2025-12-16 20:39:11
58,2,8358,2025-12-16 20:39:11
59,2,9800,2025-12-16 20:39:11
60,2,109424,2025-12-16 20:39:11
61,2,296098,2025-12-16 20:39:11
62,2,2034,2025-12-16 20:39:11
63,2,1883,2025-12-16 20:39:11
64,2,20504,2025-12-16 20:39:11
65,3,9799,2025-12-16 20:39:11
66,3,155,2025-12-16 20:39:11
67,3,238,2025-12-16 20:39:11
68,3,27205,2025-12-16 20:39:11
69,3,111,2025-12-16 20:39:11
70,3,157336,2025-12-16 20:39:11
71,3,106646,2025-12-16 20:39:11
72,3,694,2025-12-16 20:39:11
73,3,550,2025-12-16 20:39:11
74,3,98,2025-12-16 20:39:11
75,3,7347,2025-12-16 20:39:11
76,3,539,2025-12-16 20:39:11
77,3,1933,2025-12-16 20:39:11
78,3,138843,2025-12-16 20:39:11
79,3,6114,2025-12-16 20:39:11
80,3,609,2025-12-16 20:39:11
81,3,259693,2025-12-16 20:39:11
82,4,157336,2025-12-16 20:39:11
83,4,105,2025-12-16 20:39:11
84,4,10681,2025-12-16 20:39:11
85,4,603,2025-12-16 20:39:11
86,4,604,2025-12-16 20:39:11
87,4,605,2025-12-16 20:39:11
88,4,429,2025-12-16 20:39:11
89,4,423,2025-12-16 20:39:11
90,4,1124,2025-12-16 20:39:11
91,4,424,2025-12-16 20:39:11
92,4,16869,2025-12-16 20:39:11
93,4,752,2025-12-16 20:39:11
94,4,137113,2025-12-16 20:39:11
95,4,1726,2025-12-16 20:39:11
96,4,10138,2025-12-16 20:39:11
97,4,24428,2025-12-16 20:39:11
98,4,293660,2025-12-16 20:39:11
99,4,218,2025-12-16 20:39:11
100,4,36557,2025-12-16 20:39:11
101,4,99861,2025-12-16 20:39:11
102,4,119450,2025-12-16 20:39:11
103,5,10191,2025-12-16 20:39:11
104,5,920,2025-12-16 20:39:11
105,5,752,2025-12-16 20:39:11
106,5,4922,2025-12-16 20:39:11
107,5,70160,2025-12-16 20:39:11
108,5,10195,2025-12-16 20:39:11
109,5,411,2025-12-16 20:39:11
110,5,76341,2025-12-16 20:39:11
111,5,37799,2025-12-16 20:39:11
112,5,37165,2025-12-16 20:39:11
113,5,671,2025-12-16 20:39:11
114,5,119450,2025-12-16 20:39:11
115,5,286217,2025-12-16 20:39:11
116,5,161,2025-12-16 20:39:11
117,5,272,2025-12-16 20:39:11
118,5,198663,2025-12-16 20:39:11
119,5,11324,2025-12-16 20:39:11
120,5,597,2025-12-16 20:39:11
121,5,211672,2025-12-16 20:39:11
122,5,278,2025-12-16 20:39:11
123,5,238,2025-12-16 20:39:11
124,5,240,2025-12-16 20:39:11
125,5,242,2025-12-16 20:39:11
126,5,155,2025-12-16 20:39:11
127,5,13,2025-12-16 20:39:11
128,5,150540,2025-12-16 20:39:11
129,5,120467,2025-12-16 20:39:11
130,5,122,2025-12-16 20:39:11
131,5,121,2025-12-16 20:39:11
132,5,120,2025-12-16 20:39:11
133,5,122917,2025-12-16 20:39:11
134,5,49051,2025-12-16 20:39:11
135,5,57158,2025-12-16 20:39:11
136,5,10681,2025-12-16 20:39:11
137,5,157336,2025-12-16 20:39:11
138,5,49026,2025-12-16 20:39:11
139,5,585,2025-12-16 20:39:11
140,5,2062,2025-12-16 20:39:11
141,5,9806,2025-12-16 20:39:11
142,5,27205,2025-12-16 20:39:11
