id,username,email,first_name,last_name,bio,birth_date,password_hash,role,created_at,updated_at,game_score,profile_picture
1,user1,user1@example.com,User1,User,Keep watching and build your cinematic fingerprint on MoveM.,2014-04-13,hash_f89a8d0ca21a8c83,moderator,2025-08-26 17:18:32.358087,2025-09-20 17:18:32.358087,5927,img/placeholder_avatar.svg
2,user2,user2@example.com,User2,User,Keep watching and build your cinematic fingerprint on MoveM.,2014-03-27,hash_3def62374db9f7a1,moderator,2024-11-01 17:18:32.358108,2024-12-13 17:18:32.358108,7387,img/placeholder_avatar.svg
3,user3,user3@example.com,User3,User,Keep watching and build your cinematic fingerprint on MoveM.,2001-07-04,hash_c30809395db4ac40,user,2025-01-25 17:18:32.358123,2025-02-14 17:18:32.358123,553,img/placeholder_avatar.svg
4,user4,user4@example.com,User4,User,Keep watching and build your cinematic fingerprint on MoveM.,2002-09-04,hash_d6b9a48c17db2559,moderator,2023-11-20 17:18:32.358133,2023-12-14 17:18:32.358133,4255,img/placeholder_avatar.svg
5,user5,user5@example.com,User5,User,Keep watching and build your cinematic fingerprint on MoveM.,2008-07-11,hash_7bfe42801ca42a3a,user,2024-05-21 17:18:32.358143,2024-07-26 17:18:32.358143,1876,img/placeholder_avatar.svg
6,user6,user6@example.com,User6,User,Keep watching and build your cinematic fingerprint on MoveM.,1991-03-03,hash_c160868f7041a986,user,2024-08-08 17:18:32.358151,2024-10-09 17:18:32.358151,7575,img/placeholder_avatar.svg
7,user7,user7@example.com,User7,User,Keep watching and build your cinematic fingerprint on MoveM.,1992-05-18,hash_351357022d250325,admin,2023-10-18 17:18:32.358159,2023-12-21 17:18:32.358159,8865,img/placeholder_avatar.svg
8,user8,user8@example.com,User8,User,Keep watching and build your cinematic fingerprint on MoveM.,1990-11-20,hash_23986047781a5665,admin,2024-06-25 17:18:32.358167,2024-08-27 17:18:32.358167,7337,img/placeholder_avatar.svg
9,user9,user9@example.com,User9,User,Keep watching and build your cinematic fingerprint on MoveM.,1997-12-10,hash_9713501744b7f836,admin,2024-01-28 17:18:32.358175,2024-03-24 17:18:32.358175,1990,img/placeholder_avatar.svg
10,user10,user10@example.com,User10,User,Keep watching and build your cinematic fingerprint on MoveM.,1997-01-16,hash_30f4900a684c304d,moderator,2023-11-06 17:18:32.358183,2023-12-29 17:18:32.358183,1854,img/placeholder_avatar.svg
11,user11,user11@example.com,User11,User,Keep watching and build your cinematic fingerprint on MoveM.,1976-12-07,hash_20e408546b539a2b,admin,2023-12-28 17:18:32.358191,2024-03-05 17:18:32.358191,2459,img/placeholder_avatar.svg
12,user12,user12@example.com,User12,User,Keep watching and build your cinematic fingerprint on MoveM.,1972-02-17,hash_c711a681d4719c83,user,2024-08-10 17:18:32.358199,2024-09-17 17:18:32.358199,240,img/placeholder_avatar.svg
13,user13,user13@example.com,User13,User,Keep watching and build your cinematic fingerprint on MoveM.,1993-01-26,hash_5c8f85d2633005a3,user,2024-01-23 17:18:32.358207,2024-03-29 17:18:32.358207,7131,img/placeholder_avatar.svg
14,user14,user14@example.com,User14,User,Keep watching and build your cinematic fingerprint on MoveM.,2009-08-01,hash_a7d18728d7a8d56a,moderator,2024-09-01 17:18:32.358215,2024-11-06 17:18:32.358215,9017,img/placeholder_avatar.svg
15,user15,user15@example.com,User15,User,Keep watching and build your cinematic fingerprint on MoveM.,1988-10-18,hash_b118b82a32585f92,admin,2024-12-07 17:18:32.358223,2025-01-27 17:18:32.358223,2808,img/placeholder_avatar.svg
16,user16,user16@example.com,User16,User,Keep watching and build your cinematic fingerprint on MoveM.,1976-02-28,hash_2e652d8e404b998a,moderator,2023-10-06 17:18:32.358231,2023-11-23 17:18:32.358231,4382,img/placeholder_avatar.svg
17,user17,user17@example.com,User17,User,Keep watching and build your cinematic fingerprint on MoveM.,1979-11-20,hash_59b40092c6328905,admin,2025-05-18 17:18:32.358238,2025-07-20 17:18:32.358238,5948,img/placeholder_avatar.svg
18,user18,user18@example.com,User18,User,Keep watching and build your cinematic fingerprint on MoveM.,1986-06-19,hash_eb852a445a6c1256,admin,2025-03-26 17:18:32.358247,2025-05-04 17:18:32.358247,5620,img/placeholder_avatar.svg
19,user19,user19@example.com,User19,User,Keep watching and build your cinematic fingerprint on MoveM.,1994-09-24,hash_8820c7cc6c478a5e,user,2023-12-25 17:18:32.358254,2024-01-30 17:18:32.358254,5861,img/placeholder_avatar.svg
20,user20,user20@example.com,User20,User,Keep watching and build your cinematic fingerprint on MoveM.,1995-10-14,hash_049448835f5c1285,admin,2025-02-09 17:18:32.358262,2025-03-28 17:18:32.358262,4923,img/placeholder_avatar.svg
21,user21,user21@example.com,User21,User,Keep watching and build your cinematic fingerprint on MoveM.,1990-09-17,hash_237d1d234a413d96,admin,2025-02-02 17:18:32.358270,2025-03-22 17:18:32.358270,3029,img/placeholder_avatar.svg
22,user22,user22@example.com,User22,User,Keep watching and build your cinematic fingerprint on MoveM.,1970-11-12,hash_59703450e1815185,admin,2024-05-30 17:18:32.358278,2024-06-05 17:18:32.358278,2109,img/placeholder_avatar.svg
23,user23,user23@example.com,User23,User,Keep watching and build your cinematic fingerprint on MoveM.,2009-08-23,hash_2393c834e56598c0,moderator,2024-05-04 17:18:32.358286,2024-06-24 17:18:32.358286,3753,img/placeholder_avatar.svg
24,user24,user24@example.com,User24,User,Keep watching and build your cinematic fingerprint on MoveM.,1987-03-31,hash_06385d387f3957eb,moderator,2024-02-13 17:18:32.358293,2024-04-10 17:18:32.358293,9898,img/placeholder_avatar.svg
25,user25,user25@example.com,User25,User,Keep watching and build your cinematic fingerprint on MoveM.,2004-06-03,hash_379899f8d9752300,moderator,2023-11-20 17:18:32.358301,2023-12-19 17:18:32.358301,6559,img/placeholder_avatar.svg
26,user26,user26@example.com,User26,User,Keep watching and build your cinematic fingerprint on MoveM.,2007-06-18,hash_3523588f91807d9a,moderator,2025-03-12 17:18:32.358309,2025-04-03 17:18:32.358309,1657,img/placeholder_avatar.svg
27,user27,user27@example.com,User27,User,Keep watching and build your cinematic fingerprint on MoveM.,1972-10-23,hash_2c1995c80653c51f,moderator,2023-10-09 17:18:32.358316,2023-11-25 17:18:32.358316,2903,img/placeholder_avatar.svg
28,user28,user28@example.com,User28,User,Keep watching and build your cinematic fingerprint on MoveM.,1994-10-16,hash_f9392e2124504104,user,2024-12-30 17:18:32.358325,2025-02-05 17:18:32.358325,4866,img/placeholder_avatar.svg
29,user29,user29@example.com,User29,User,Keep watching and build your cinematic fingerprint on MoveM.,2006-12-24,hash_8a2d1f1113e64d7d,moderator,2024-09-02 17:18:32.358332,2024-10-18 17:18:32.358332,6043,img/placeholder_avatar.svg
30,user30,user30@example.com,User30,User,Keep watching and build your cinematic fingerprint on MoveM.,1981-06-15,hash_4c78119280d46813,user,2025-01-16 17:18:32.358340,2025-03-05 17:18:32.358340,944,img/placeholder_avatar.svg
31,user31,user31@example.com,User31,User,Keep watching and build your cinematic fingerprint on MoveM.,1999-01-26,hash_3126f2122b5123d5,user,2024-06-25 17:18:32.358348,2024-07-28 17:18:32.358348,4747,img/placeholder_avatar.svg
32,user32,user32@example.com,User32,User,Keep watching and build your cinematic fingerprint on MoveM.,1973-10-16,hash_d58e37905f939e0a,moderator,2024-04-18 17:18:32.358356,2024-06-13 17:18:32.358356,8692,img/placeholder_avatar.svg
33,user33,user33@example.com,User33,User,Keep watching and build your cinematic fingerprint on MoveM.,1995-10-09,hash_06e572049c676d1a,admin,2025-08-04 17:18:32.358364,2025-09-03 17:18:32.358364,3699,img/placeholder_avatar.svg
34,user34,user34@example.com,User34,User,Keep watching and build your cinematic fingerprint on MoveM.,1998-11-20,hash_a341857321590453,user,2025-01-13 17:18:32.358371,2025-01-14 17:18:32.358371,3230,img/placeholder_avatar.svg
35,user35,user35@example.com,User35,User,Keep watching and build your cinematic fingerprint on MoveM.,2009-02-12,hash_37c166d7168923a1,user,2025-01-09 17:18:32.358379,2025-03-08 17:18:32.358379,1575,img/placeholder_avatar.svg
36,user36,user36@example.com,User36,User,Keep watching and build your cinematic fingerprint on MoveM.,2000-09-24,hash_fc591244439c1859,moderator,2024-06-10 17:18:32.358386,2024-08-06 17:18:32.358386,5903,img/placeholder_avatar.svg
37,user37,user37@example.com,User37,User,Keep watching and build your cinematic fingerprint on MoveM.,2002-09-29,hash_6b5c9003c276326e,moderator,2024-08-25 17:18:32.358394,2024-09-11 17:18:32.358394,5400,img/placeholder_avatar.svg
38,user38,user38@example.com,User38,User,Keep watching and build your cinematic fingerprint on MoveM.,2009-09-21,hash_8c0f331908d132c3,admin,2025-04-18 17:18:32.358402,2025-05-24 17:18:32.358402,6422,img/placeholder_avatar.svg
39,user39,user39@example.com,User39,User,Keep watching and build your cinematic fingerprint on MoveM.,1987-03-24,hash_a076735237887550,user,2024-03-04 17:18:32.358410,2024-05-02 17:18:32.358410,9090,img/placeholder_avatar.svg
40,user40,user40@example.com,User40,User,Keep watching and build your cinematic fingerprint on MoveM.,1991-03-12,hash_2398246571593026,admin,2024-03-21 17:18:32.358418,2024-04-14 17:18:32.358418,8069,img/placeholder_avatar.svg
41,user41,user41@example.com,User41,User,Keep watching and build your cinematic fingerprint on MoveM.,1998-04-03,hash_37c181977717462c,moderator,2025-01-20 17:18:32.358425,2025-02-12 17:18:32.358425,5843,img/placeholder_avatar.svg
42,user42,user42@example.com,User42,User,Keep watching and build your cinematic fingerprint on MoveM.,2009-12-19,hash_8638686733221975,admin,2025-04-12 17:18:32.358433,2025-05-18 17:18:32.358433,6341,img/placeholder_avatar.svg
43,user43,user43@example.com,User43,User,Keep watching and build your cinematic fingerprint on MoveM.,1995-10-23,hash_d066343513b6329c,admin,2024-03-11 17:18:32.358441,2024-04-04 17:18:32.358441,8331,img/placeholder_avatar.svg
44,user44,user44@example.com,User44,User,Keep watching and build your cinematic fingerprint on MoveM.,1989-12-25,hash_4e719662b6652684,admin,2023-11-09 17:18:32.358449,2024-01-08 17:18:32.358449,7155,img/placeholder_avatar.svg
45,user45,user45@example.com,User45,User,Keep watching and build your cinematic fingerprint on MoveM.,2014-04-20,hash_a346519213137996,admin,2025-07-29 17:18:32.358457,2025-08-30 17:18:32.358457,479,img/placeholder_avatar.svg
46,user46,user46@example.com,User46,User,Keep watching and build your cinematic fingerprint on MoveM.,1988-12-17,hash_4083758079836934,moderator,2023-10-18 17:18:32.358464,2023-11-09 17:18:32.358464,1362,img/placeholder_avatar.svg
47,user47,user47@example.com,User47,User,Keep watching and build your cinematic fingerprint on MoveM.,1995-09-15,hash_d867566141443694,admin,2023-12-07 17:18:32.358472,2024-01-07 17:18:32.358472,3741,img/placeholder_avatar.svg
48,user48,user48@example.com,User48,User,Keep watching and build your cinematic fingerprint on MoveM.,1994-06-03,hash_37c6742095982859,moderator,2024-05-18 17:18:32.358480,2024-06-25 17:18:32.358480,2112,img/placeholder_avatar.svg
49,user49,user49@example.com,User49,User,Keep watching and build your cinematic fingerprint on MoveM.,2009-10-06,hash_f933939103823469,admin,2024-11-20 17:18:32.358488,2024-11-28 17:18:32.358488,4358,img/placeholder_avatar.svg
50,user50,user50@example.com,User50,User,Keep watching and build your cinematic fingerprint on MoveM.,1980-08-01,hash_0442377319984687,user,2024-04-12 17:18:32.358496,2024-04-12 17:18:32.358496,7576,img/placeholder_avatar.svg
51,user51,user51@example.com,User51,User,Keep watching and build your cinematic fingerprint on MoveM.,2012-10-14,hash_7c62252119932152,admin,2024-09-02 17:18:32.358503,2024-10-27 17:18:32.358503,7765,img/placeholder_avatar.svg
52,user52,user52@example.com,User52,User,Keep watching and build your cinematic fingerprint on MoveM.,1984-06-22,hash_d584346765715875,admin,2025-06-20 17:18:32.358511,2025-07-27 17:18:32.358511,1018,img/placeholder_avatar.svg
53,user53,user53@example.com,User53,User,Keep watching and build your cinematic fingerprint on MoveM.,2006-02-17,hash_cf32514755106676,moderator,2025-05-18 17:18:32.358519,2025-07-06 17:18:32.358519,5312,img/placeholder_avatar.svg
54,user54,user54@example.com,User54,User,Keep watching and build your cinematic fingerprint on MoveM.,1970-05-24,hash_8a22176883215322,moderator,2024-05-22 17:18:32.358527,2024-06-18 17:18:32.358527,1176,img/placeholder_avatar.svg
55,user55,user55@example.com,User55,User,Keep watching and build your cinematic fingerprint on MoveM.,1991-03-10,hash_a397984852504938,admin,2025-01-23 17:18:32.358535,2025-03-01 17:18:32.358535,5953,img/placeholder_avatar.svg
56,user56,user56@example.com,User56,User,Keep watching and build your cinematic fingerprint on MoveM.,2009-08-16,hash_3375836263539956,user,2024-08-01 17:18:32.358542,2024-08-05 17:18:32.358542,887,img/placeholder_avatar.svg
57,user57,user57@example.com,User57,User,Keep watching and build your cinematic fingerprint on MoveM.,2007-07-31,hash_6946682703816223,moderator,2024-11-20 17:18:32.358550,2025-01-16 17:18:32.358550,772,img/placeholder_avatar.svg
58,user58,user58@example.com,User58,User,Keep watching and build your cinematic fingerprint on MoveM.,2010-09-09,hash_0621300958611100,moderator,2023-10-18 17:18:32.358558,2023-11-20 17:18:32.358558,2254,img/placeholder_avatar.svg
59,user59,user59@example.com,User59,User,Keep watching and build your cinematic fingerprint on MoveM.,1993-01-30,hash_c711832049615053,user,2025-06-25 17:18:32.358566,2025-08-10 17:18:32.358566,3101,img/placeholder_avatar.svg
60,user60,user60@example.com,User60,User,Keep watching and build your cinematic fingerprint on MoveM.,1970-07-28,hash_a951336040845362,moderator,2025-05-30 17:18:32.358574,2025-06-03 17:18:32.358574,8216,img/placeholder_avatar.svg
61,user61,user61@example.com,User61,User,Keep watching and build your cinematic fingerprint on MoveM.,2014-06-18,hash_37c1562208197771,admin,2023-10-17 17:18:32.358582,2023-11-06 17:18:32.358582,6040,img/placeholder_avatar.svg
62,user62,user62@example.com,User62,User,Keep watching and build your cinematic fingerprint on MoveM.,1999-01-20,hash_c665798993710729,user,2023-10-23 17:18:32.358590,2023-11-25 17:18:32.358590,5805,img/placeholder_avatar.svg
63,user63,user63@example.com,User63,User,Keep watching and build your cinematic fingerprint on MoveM.,1995-10-21,hash_a644837269201592,moderator,2025-08-25 17:18:32.358597,2025-09-22 17:18:32.358597,9474,img/placeholder_avatar.svg
64,user64,user64@example.com,User64,User,Keep watching and build your cinematic fingerprint on MoveM.,2010-09-17,hash_2393282436855135,user,2024-04-18 17:18:32.358605,2024-06-12 17:18:32.358605,4354,img/placeholder_avatar.svg
65,user65,user65@example.com,User65,User,Keep watching and build your cinematic fingerprint on MoveM.,2009-02-10,hash_c711739329713600,user,2024-11-04 17:18:32.358613,2024-12-07 17:18:32.358613,7672,img/placeholder_avatar.svg
66,user66,user66@example.com,User66,User,Keep watching and build your cinematic fingerprint on MoveM.,1997-12-16,hash_37c1340447387213,admin,2024-11-25 17:18:32.358621,2025-01-14 17:18:32.358621,4382,img/placeholder_avatar.svg
67,user67,user67@example.com,User67,User,Keep watching and build your cinematic fingerprint on MoveM.,2004-10-18,hash_37c2274950334862,moderator,2024-09-01 17:18:32.358629,2024-09-12 17:18:32.358629,6791,img/placeholder_avatar.svg
68,user68,user68@example.com,User68,User,Keep watching and build your cinematic fingerprint on MoveM.,1998-05-30,hash_a847385906560945,user,2023-11-05 17:18:32.358636,2024-01-03 17:18:32.358636,5894,img/placeholder_avatar.svg
69,user69,user69@example.com,User69,User,Keep watching and build your cinematic fingerprint on MoveM.,2006-03-09,hash_06e5797587747806,user,2023-12-04 17:18:32.358644,2024-01-09 17:18:32.358644,4843,img/placeholder_avatar.svg
70,user70,user70@example.com,User70,User,Keep watching and build your cinematic fingerprint on MoveM.,2004-05-18,hash_a341103758363717,user,2025-07-25 17:18:32.358652,2025-09-01 17:18:32.358652,8751,img/placeholder_avatar.svg
71,user71,user71@example.com,User71,User,Keep watching and build your cinematic fingerprint on MoveM.,1991-09-12,hash_d584284534726588,user,2024-02-05 17:18:32.358660,2024-03-23 17:18:32.358660,9448,img/placeholder_avatar.svg
72,user72,user72@example.com,User72,User,Keep watching and build your cinematic fingerprint on MoveM.,1997-12-19,hash_8842107409419133,admin,2023-12-25 17:18:32.358668,2024-02-09 17:18:32.358668,7670,img/placeholder_avatar.svg
73,user73,user73@example.com,User73,User,Keep watching and build your cinematic fingerprint on MoveM.,1991-03-24,hash_8842898950672727,admin,2025-07-28 17:18:32.358675,2025-09-19 17:18:32.358675,9843,img/placeholder_avatar.svg
74,user74,user74@example.com,User74,User,Keep watching and build your cinematic fingerprint on MoveM.,2004-05-18,hash_2393309540459740,user,2024-04-17 17:18:32.358683,2024-04-20 17:18:32.358683,1698,img/placeholder_avatar.svg
75,user75,user75@example.com,User75,User,Keep watching and build your cinematic fingerprint on MoveM.,2000-05-16,hash_37c1553550302220,admin,2025-06-25 17:18:32.358691,2025-08-01 17:18:32.358691,9574,img/placeholder_avatar.svg
76,user76,user76@example.com,User76,User,Keep watching and build your cinematic fingerprint on MoveM.,2007-06-25,hash_c711200389360580,admin,2024-09-06 17:18:32.358699,2024-10-18 17:18:32.358699,2194,img/placeholder_avatar.svg
77,user77,user77@example.com,User77,User,Keep watching and build your cinematic fingerprint on MoveM.,1995-12-28,hash_d584318049755866,admin,2024-09-02 17:18:32.358706,2024-10-25 17:18:32.358706,5351,img/placeholder_avatar.svg
78,user78,user78@example.com,User78,User,Keep watching and build your cinematic fingerprint on MoveM.,1997-03-31,hash_0638536868832626,user,2025-05-25 17:18:32.358714,2025-06-23 17:18:32.358714,3579,img/placeholder_avatar.svg
79,user79,user79@example.com,User79,User,Keep watching and build your cinematic fingerprint on MoveM.,2003-05-19,hash_0442377319984687,user,2025-08-06 17:18:32.358722,2025-09-17 17:18:32.358722,2367,img/placeholder_avatar.svg
80,user80,user80@example.com,User80,User,Keep watching and build your cinematic fingerprint on MoveM.,1988-12-14,hash_0621300958611100,moderator,2024-10-09 17:18:32.358730,2024-11-20 17:18:32.358730,1374,img/placeholder_avatar.svg
81,user81,user81@example.com,User81,User,Keep watching and build your cinematic fingerprint on MoveM.,1999-01-28,hash_d066927438186105,admin,2024-10-06 17:18:32.358737,2024-12-04 17:18:32.358737,7917,img/placeholder_avatar.svg
82,user82,user82@example.com,User82,User,Keep watching and build your cinematic fingerprint on MoveM.,1993-01-22,hash_2393282436855135,moderator,2023-11-20 17:18:32.358745,2024-01-19 17:18:32.358745,3912,img/placeholder_avatar.svg
83,user83,user83@example.com,User83,User,Keep watching and build your cinematic fingerprint on MoveM.,2000-09-29,hash_2398246571593026,admin,2025-02-13 17:18:32.358753,2025-03-24 17:18:32.358753,6235,img/placeholder_avatar.svg
84,user84,user84@example.com,User84,User,Keep watching and build your cinematic fingerprint on MoveM.,2006-03-12,hash_d584346765715875,admin,2023-10-18 17:18:32.358760,2023-11-06 17:18:32.358760,2770,img/placeholder_avatar.svg
85,user85,user85@example.com,User85,User,Keep watching and build your cinematic fingerprint on MoveM.,1970-07-25,hash_a951336040845362,user,2023-10-06 17:18:32.358768,2023-11-23 17:18:32.358768,4438,img/placeholder_avatar.svg
86,user86,user86@example.com,User86,User,Keep watching and build your cinematic fingerprint on MoveM.,2006-12-28,hash_cf32514755106676,user,2025-05-18 17:18:32.358776,2025-07-06 17:18:32.358776,2698,img/placeholder_avatar.svg
87,user87,user87@example.com,User87,User,Keep watching and build your cinematic fingerprint on MoveM.,2002-10-04,hash_8638686733221975,moderator,2024-05-22 17:18:32.358784,2024-06-18 17:18:32.358784,6572,img/placeholder_avatar.svg
88,user88,user88@example.com,User88,User,Keep watching and build your cinematic fingerprint on MoveM.,1991-09-17,hash_23986047781a5665,admin,2025-01-23 17:18:32.358791,2025-03-01 17:18:32.358791,2734,img/placeholder_avatar.svg
89,user89,user89@example.com,User89,User,Keep watching and build your cinematic fingerprint on MoveM.,1998-11-25,hash_9713501744b7f836,admin,2024-08-01 17:18:32.358799,2024-08-05 17:18:32.358799,8790,img/placeholder_avatar.svg
90,user90,user90@example.com,User90,User,Keep watching and build your cinematic fingerprint on MoveM.,1992-05-23,hash_30f4900a684c304d,moderator,2024-11-20 17:18:32.358807,2025-01-16 17:18:32.358807,9329,img/placeholder_avatar.svg
91,user91,user91@example.com,User91,User,Keep watching and build your cinematic fingerprint on MoveM.,2009-02-15,hash_20e408546b539a2b,admin,2023-10-18 17:18:32.358814,2023-11-20 17:18:32.358814,6352,img/placeholder_avatar.svg
92,user92,user92@example.com,User92,User,Keep watching and build your cinematic fingerprint on MoveM.,2004-10-23,hash_c711a681d4719c83,user,2025-06-25 17:18:32.358822,2025-08-10 17:18:32.358822,2385,img/placeholder_avatar.svg
93,user93,user93@example.com,User93,User,Keep watching and build your cinematic fingerprint on MoveM.,1999-01-31,hash_5c8f85d2633005a3,user,2025-05-30 17:18:32.358830,2025-06-03 17:18:32.358830,3468,img/placeholder_avatar.svg
94,user94,user94@example.com,User94,User,Keep watching and build your cinematic fingerprint on MoveM.,1993-01-27,hash_a7d18728d7a8d56a,moderator,2023-10-17 17:18:32.358838,2023-11-06 17:18:32.358838,4025,img/placeholder_avatar.svg
95,user95,user95@example.com,User95,User,Keep watching and build your cinematic fingerprint on MoveM.,1991-03-15,hash_b118b82a32585f92,user,2023-10-23 17:18:32.358845,2023-11-25 17:18:32.358845,6313,img/placeholder_avatar.svg
96,user96,user96@example.com,User96,User,Keep watching and build your cinematic fingerprint on MoveM.,1988-12-19,hash_2e652d8e404b998a,moderator,2025-08-25 17:18:32.358853,2025-09-22 17:18:32.358853,5266,img/placeholder_avatar.svg
97,user97,user97@example.com,User97,User,Keep watching and build your cinematic fingerprint on MoveM.,1998-04-08,hash_59b40092c6328905,user,2024-04-18 17:18:32.358861,2024-06-12 17:18:32.358861,9062,img/placeholder_avatar.svg
98,user98,user98@example.com,User98,User,Keep watching and build your cinematic fingerprint on MoveM.,2009-08-21,hash_eb852a445a6c1256,moderator,2024-11-04 17:18:32.358869,2024-12-07 17:18:32.358869,7209,img/placeholder_avatar.svg
99,user99,user99@example.com,User99,User,Keep watching and build your cinematic fingerprint on MoveM.,2002-10-09,hash_8820c7cc6c478a5e,user,2024-11-25 17:18:32.358876,2025-01-14 17:18:32.358876,3269,img/placeholder_avatar.svg
100,user100,user100@example.com,User100,User,Keep watching and build your cinematic fingerprint on MoveM.,2006-12-31,hash_049448835f5c1285,admin,2024-09-01 17:18:32.358884,2024-09-12 17:18:32.358884,8010,img/placeholder_avatar.svg
101,semih,semih@example.com,Semih,,Keep watching and build your cinematic fingerprint on MoveM.,2004-01-01,scrypt:32768:8:1$09yWRXxhhWtGs81S$8c846d83f1264350726c35c8152df2073cd1d6205543f7423f50d8f6e4254dd35c928d6af931ff7bfd9e88579923da3610c75cbecf951db90f218f84a01e3364,admin,2025-12-15 12:00:00,2025-12-15 12:00:00,0,img/placeholder_avatar.svg
102,murat,murat@example.com,Murat,,Keep watching and build your cinematic fingerprint on MoveM.,2004-01-01,scrypt:32768:8:1$09yWRXxhhWtGs81S$8c846d83f1264350726c35c8152df2073cd1d6205543f7423f50d8f6e4254dd35c928d6af931ff7bfd9e88579923da3610c75cbecf951db90f218f84a01e3364,admin,2025-12-15 12:00:00,2025-12-15 12:00:00,0,img/placeholder_avatar.svg
103,onur,onur@example.com,Onur,,Keep watching and build your cinematic fingerprint on MoveM.,2004-01-01,scrypt:32768:8:1$09yWRXxhhWtGs81S$8c846d83f1264350726c35c8152df2073cd1d6205543f7423f50d8f6e4254dd35c928d6af931ff7bfd9e88579923da3610c75cbecf951db90f218f84a01e3364,admin,2025-12-15 12:00:00,2025-12-15 12:00:00,0,img/placeholder_avatar.svg
104,egemen,egemen@example.com,Egemen,,Keep watching and build your cinematic fingerprint on MoveM.,2004-01-01,scrypt:32768:8:1$09yWRXxhhWtGs81S$8c846d83f1264350726c35c8152df2073cd1d6205543f7423f50d8f6e4254dd35c928d6af931ff7bfd9e88579923da3610c75cbecf951db90f218f84a01e3364,admin,2025-12-15 12:00:00,2025-12-15 12:00:00,0,img/placeholder_avatar.svg
105,vedat,vedat@example.com,Vedat,,Keep watching and build your cinematic fingerprint on MoveM.,2004-01-01,scrypt:32768:8:1$09yWRXxhhWtGs81S$8c846d83f1264350726c35c8152df2073cd1d6205543f7423f50d8f6e4254dd35c928d6af931ff7bfd9e88579923da3610c75cbecf951db90f218f84a01e3364,admin,2025-12-15 12:00:00,2025-12-15 12:00:00,0,img/placeholder_avatar.svg